Index,Correlation Coefficient,Genes
54,0.0669778474195164,AAA
147,0.0642758602863331,AAG.1
50,0.06225531642053436,CAA
126,0.05418947892210991,CTA.1
70,0.04501334336607068,ACA
144,0.04316694041961283,AAT.1
110,0.04233246315998184,GT.1
158,0.04049638364853985,CCA.1
142,0.04040887795981568,CAA.1
146,0.03920667233273063,AAA.1
66,0.03763054035545803,CCA
53,0.037459360227386544,AAC
18,0.03584609035538479,GT
136,0.029717471316294496,TAT.1
52,0.02878925212387641,AAT
61,0.028752658211454413,TCC
22,0.02870854263031868,CG
133,0.028507624499830575,GTC.1
62,0.026781534921354357,TCA
183,0.026649150479586742,GGG.1
68,0.026086686865141442,ACT
121,0.02555156787489414,TTC.1
152,0.02554782169642985,TCT.1
132,0.024069788534743515,GTT.1
65,0.023295183323068732,CCC
71,0.022608227796079322,ACG
167,0.021935368945949087,GCG.1
182,0.021585466560908168,GGA.1
128,0.02148926297136618,ATT.1
69,0.02100716752058912,ACC
174,0.020825698993679007,CGA.1
125,0.020219829182209957,CTC.1
159,0.020189300397466796,CCG.1
161,0.020174807110272,ACC.1
86,0.020058672970576168,AGA
148,0.019837873453296725,GAT.1
38,0.019716078968385852,ATA
49,0.019492409782913264,CAC
20,0.018453287458028,AA
165,0.018182096042019112,GCC.1
104,0.01789168218587171,TT.1
34,0.017597500358869127,CTA
82,0.01729610839451197,CGA
115,0.01724049121235294,CC.1
45,0.01718186660210508,TAC
120,0.017105850657534557,TTT.1
2,0.016985853171657402,n_G
119,0.016909567500334087,GG.1
122,0.01666966114694711,TTA.1
84,0.016640003272166255,AGT
44,0.016511541371858795,TAT
163,0.016465260785300858,ACG.1
153,0.016428405528562236,TCC.1
179,0.015995218673104095,AGG.1
85,0.01589471508361545,AGC
58,0.0157007568275956,GAA
90,0.015610922306127449,GGA
123,0.015602813385777566,TTG.1
150,0.015421981199872498,GAA.1
67,0.015244375649121938,CCG
177,0.015189657020919114,AGC.1
55,0.015188733457916236,AAG
164,0.015115298162243579,GCT.1
178,0.01490793716777843,AGA.1
21,0.014156541133908669,GA
46,0.014151345636362634,TAA
113,0.01405036739314112,GA.1
36,0.014000876791219204,ATT
48,0.013564523337789921,CAT
166,0.013530402723436846,GCA.1
89,0.013377751582268766,GGC
157,0.01321402059055319,CCC.1
139,0.01292990320145275,TAG.1
135,0.012409143929466591,GTG.1
47,0.012241881070507905,TAG
75,0.012241228927232988,GCG
32,0.01203066524573418,CTT
74,0.011990454905583758,GCA
26,0.01195748274272975,GC
73,0.011950815702106305,GCC
17,0.011643917968883333,AT
131,0.011384493592592703,ATG.1
43,0.011235766717419564,GTG
14,0.011136043271205487,TA
91,0.010688516978989208,GGG
118,0.010677422824351296,GC.1
180,0.010638140231201632,GGT.1
171,0.010628578311096568,TGG.1
59,0.010429877600670663,GAG
92,0.010416987831754605,n_A.1
63,0.01018667423667761,TCG
83,0.010183609928017737,CGG
112,0.009981735205302896,AA.1
145,0.009909410200399019,AAC.1
10,0.009901851221930392,d_G
107,0.009836467286916412,TG.1
124,0.009807690536484125,CTT.1
134,0.009494820725702548,GTA.1
35,0.009265373872572683,CTG
143,0.009122331464906925,CAG.1
127,0.008808089692790056,CTG.1
4,0.008656550134118297,u_A
105,0.008410399134200993,TC.1
175,0.008390699132319846,CGG.1
13,0.008315536285128874,TC
172,0.008036531599796806,CGT.1
23,0.008002853450008698,CC
16,0.007970333075993928,CT
114,0.007963760872345566,CG.1
60,0.007916129333964603,TCT
95,0.0077794178987600476,n_T.1
149,0.00776311618616682,GAC.1
129,0.007598948080646746,ATC.1
39,0.00742365205020607,ATG
41,0.007418459615975436,GTC
9,0.007408278702456215,d_C
7,0.00738231267487022,u_T
141,0.007150836484525112,CAC.1
94,0.007098384814520024,n_G.1
42,0.0070304554341982265,GTA
1,0.00686728008408462,n_C
88,0.006853389156129654,GGT
108,0.006844994569766716,CT.1
138,0.006833150404914617,TAA.1
8,0.006686681203656999,d_A
140,0.006587149248190677,CAT.1
40,0.006416953997590937,GTT
6,0.006020791387220568,u_G
160,0.005989872684638986,ACT.1
176,0.005774397949009327,AGT.1
28,0.005702981102526188,TTT
27,0.00525433211860692,GG
37,0.00510368866065892,ATC
0,0.005095437256300994,n_A
77,0.005056947941975642,TGC
29,0.004994782548820081,TTC
102,0.004915034159595191,d_G.1
11,0.004830870427809447,d_T
173,0.004747128156030586,CGC.1
5,0.004731699861293775,u_C
155,0.004730611600700534,TCG.1
76,0.004529942551748229,TGT
64,0.0043767321656550395,CCT
162,0.004368882868060982,ACA.1
116,0.004160468216924434,AC.1
130,0.00407709479635167,ATA.1
78,0.004010325122650296,TGA
137,0.0038441848414666364,TAC.1
80,0.0038371080287054604,CGT
106,0.003745971759729341,TA.1
101,0.0036865132460874375,d_C.1
81,0.0036860617953817787,CGC
33,0.0036269919181873152,CTC
15,0.0035832625680832777,TG
103,0.0035783185806706024,d_T.1
79,0.003398163717487037,TGG
111,0.0031808751071720695,CA.1
170,0.0031526236809950254,TGA.1
3,0.0030829510835467277,n_T
97,0.0030462978757554065,u_C.1
169,0.0029416280707971415,TGC.1
57,0.0027721038161463932,GAC
99,0.0022515099821054313,u_T.1
31,0.0020536137013850266,TTG
98,0.0019421735649671201,u_G.1
25,0.0018658642145519958,AG
30,0.0013586198373087977,TTA
51,0.001293679939440203,CAG
96,0.0012150098146226336,u_A.1
93,0.0012112299152708325,n_C.1
87,0.0010924454938686197,AGG
154,0.001009991592734124,TCA.1
168,0.0009063365804929859,TGT.1
19,0.0008567486588816674,CA
151,0.0008412228401640876,GAG.1
100,0.0007855815744240956,d_A.1
156,0.0005809204902600795,CCT.1
117,0.0005793366433285898,AG.1
12,0.0005364164859121737,TT
109,0.0005248950641545368,AT.1
181,0.000315622557544944,GGC.1
56,0.0002852341872092624,GAT
72,0.00017275151077346222,GCT
24,4.004280731025652e-05,AC
